package,version,license,resolved
@adobe/css-tools,4.5.0,MIT,https://registry.npmjs.org/@adobe/css-tools/-/css-tools-4.5.0.tgz
@asamuzakjp/css-color,3.2.0,MIT,https://registry.npmjs.org/@asamuzakjp/css-color/-/css-color-3.2.0.tgz
@asamuzakjp/css-color/node_modules/lru-cache,10.4.3,ISC,https://registry.npmjs.org/lru-cache/-/lru-cache-10.4.3.tgz
@babel/code-frame,7.29.7,MIT,https://registry.npmjs.org/@babel/code-frame/-/code-frame-7.29.7.tgz
@babel/compat-data,7.29.7,MIT,https://registry.npmjs.org/@babel/compat-data/-/compat-data-7.29.7.tgz
@babel/core,7.29.7,MIT,https://registry.npmjs.org/@babel/core/-/core-7.29.7.tgz
@babel/generator,7.29.7,MIT,https://registry.npmjs.org/@babel/generator/-/generator-7.29.7.tgz
@babel/helper-compilation-targets,7.29.7,MIT,https://registry.npmjs.org/@babel/helper-compilation-targets/-/helper-compilation-targets-7.29.7.tgz
@babel/helper-globals,7.29.7,MIT,https://registry.npmjs.org/@babel/helper-globals/-/helper-globals-7.29.7.tgz
@babel/helper-module-imports,7.29.7,MIT,https://registry.npmjs.org/@babel/helper-module-imports/-/helper-module-imports-7.29.7.tgz
@babel/helper-module-transforms,7.29.7,MIT,https://registry.npmjs.org/@babel/helper-module-transforms/-/helper-module-transforms-7.29.7.tgz
@babel/helper-plugin-utils,7.29.7,MIT,https://registry.npmjs.org/@babel/helper-plugin-utils/-/helper-plugin-utils-7.29.7.tgz
@babel/helper-string-parser,7.29.7,MIT,https://registry.npmjs.org/@babel/helper-string-parser/-/helper-string-parser-7.29.7.tgz
@babel/helper-validator-identifier,7.29.7,MIT,https://registry.npmjs.org/@babel/helper-validator-identifier/-/helper-validator-identifier-7.29.7.tgz
@babel/helper-validator-option,7.29.7,MIT,https://registry.npmjs.org/@babel/helper-validator-option/-/helper-validator-option-7.29.7.tgz
@babel/helpers,7.29.7,MIT,https://registry.npmjs.org/@babel/helpers/-/helpers-7.29.7.tgz
@babel/parser,7.29.7,MIT,https://registry.npmjs.org/@babel/parser/-/parser-7.29.7.tgz
@babel/plugin-transform-react-jsx-self,7.29.7,MIT,https://registry.npmjs.org/@babel/plugin-transform-react-jsx-self/-/plugin-transform-react-jsx-self-7.29.7.tgz
@babel/plugin-transform-react-jsx-source,7.29.7,MIT,https://registry.npmjs.org/@babel/plugin-transform-react-jsx-source/-/plugin-transform-react-jsx-source-7.29.7.tgz
@babel/runtime,7.29.7,MIT,https://registry.npmjs.org/@babel/runtime/-/runtime-7.29.7.tgz
@babel/template,7.29.7,MIT,https://registry.npmjs.org/@babel/template/-/template-7.29.7.tgz
@babel/traverse,7.29.7,MIT,https://registry.npmjs.org/@babel/traverse/-/traverse-7.29.7.tgz
@babel/types,7.29.7,MIT,https://registry.npmjs.org/@babel/types/-/types-7.29.7.tgz
@csstools/color-helpers,5.1.0,MIT-0,https://registry.npmjs.org/@csstools/color-helpers/-/color-helpers-5.1.0.tgz
@csstools/css-calc,2.1.4,MIT,https://registry.npmjs.org/@csstools/css-calc/-/css-calc-2.1.4.tgz
@csstools/css-color-parser,3.1.0,MIT,https://registry.npmjs.org/@csstools/css-color-parser/-/css-color-parser-3.1.0.tgz
@csstools/css-parser-algorithms,3.0.5,MIT,https://registry.npmjs.org/@csstools/css-parser-algorithms/-/css-parser-algorithms-3.0.5.tgz
@csstools/css-tokenizer,3.0.4,MIT,https://registry.npmjs.org/@csstools/css-tokenizer/-/css-tokenizer-3.0.4.tgz
@esbuild/aix-ppc64,0.25.12,MIT,https://registry.npmjs.org/@esbuild/aix-ppc64/-/aix-ppc64-0.25.12.tgz
@esbuild/android-arm,0.25.12,MIT,https://registry.npmjs.org/@esbuild/android-arm/-/android-arm-0.25.12.tgz
@esbuild/android-arm64,0.25.12,MIT,https://registry.npmjs.org/@esbuild/android-arm64/-/android-arm64-0.25.12.tgz
@esbuild/android-x64,0.25.12,MIT,https://registry.npmjs.org/@esbuild/android-x64/-/android-x64-0.25.12.tgz
@esbuild/darwin-arm64,0.25.12,MIT,https://registry.npmjs.org/@esbuild/darwin-arm64/-/darwin-arm64-0.25.12.tgz
@esbuild/darwin-x64,0.25.12,MIT,https://registry.npmjs.org/@esbuild/darwin-x64/-/darwin-x64-0.25.12.tgz
@esbuild/freebsd-arm64,0.25.12,MIT,https://registry.npmjs.org/@esbuild/freebsd-arm64/-/freebsd-arm64-0.25.12.tgz
@esbuild/freebsd-x64,0.25.12,MIT,https://registry.npmjs.org/@esbuild/freebsd-x64/-/freebsd-x64-0.25.12.tgz
@esbuild/linux-arm,0.25.12,MIT,https://registry.npmjs.org/@esbuild/linux-arm/-/linux-arm-0.25.12.tgz
@esbuild/linux-arm64,0.25.12,MIT,https://registry.npmjs.org/@esbuild/linux-arm64/-/linux-arm64-0.25.12.tgz
@esbuild/linux-ia32,0.25.12,MIT,https://registry.npmjs.org/@esbuild/linux-ia32/-/linux-ia32-0.25.12.tgz
@esbuild/linux-loong64,0.25.12,MIT,https://registry.npmjs.org/@esbuild/linux-loong64/-/linux-loong64-0.25.12.tgz
@esbuild/linux-mips64el,0.25.12,MIT,https://registry.npmjs.org/@esbuild/linux-mips64el/-/linux-mips64el-0.25.12.tgz
@esbuild/linux-ppc64,0.25.12,MIT,https://registry.npmjs.org/@esbuild/linux-ppc64/-/linux-ppc64-0.25.12.tgz
@esbuild/linux-riscv64,0.25.12,MIT,https://registry.npmjs.org/@esbuild/linux-riscv64/-/linux-riscv64-0.25.12.tgz
@esbuild/linux-s390x,0.25.12,MIT,https://registry.npmjs.org/@esbuild/linux-s390x/-/linux-s390x-0.25.12.tgz
@esbuild/linux-x64,0.25.12,MIT,https://registry.npmjs.org/@esbuild/linux-x64/-/linux-x64-0.25.12.tgz
@esbuild/netbsd-arm64,0.25.12,MIT,https://registry.npmjs.org/@esbuild/netbsd-arm64/-/netbsd-arm64-0.25.12.tgz
@esbuild/netbsd-x64,0.25.12,MIT,https://registry.npmjs.org/@esbuild/netbsd-x64/-/netbsd-x64-0.25.12.tgz
@esbuild/openbsd-arm64,0.25.12,MIT,https://registry.npmjs.org/@esbuild/openbsd-arm64/-/openbsd-arm64-0.25.12.tgz
@esbuild/openbsd-x64,0.25.12,MIT,https://registry.npmjs.org/@esbuild/openbsd-x64/-/openbsd-x64-0.25.12.tgz
@esbuild/openharmony-arm64,0.25.12,MIT,https://registry.npmjs.org/@esbuild/openharmony-arm64/-/openharmony-arm64-0.25.12.tgz
@esbuild/sunos-x64,0.25.12,MIT,https://registry.npmjs.org/@esbuild/sunos-x64/-/sunos-x64-0.25.12.tgz
@esbuild/win32-arm64,0.25.12,MIT,https://registry.npmjs.org/@esbuild/win32-arm64/-/win32-arm64-0.25.12.tgz
@esbuild/win32-ia32,0.25.12,MIT,https://registry.npmjs.org/@esbuild/win32-ia32/-/win32-ia32-0.25.12.tgz
@esbuild/win32-x64,0.25.12,MIT,https://registry.npmjs.org/@esbuild/win32-x64/-/win32-x64-0.25.12.tgz
@eslint-community/eslint-utils,4.9.1,MIT,https://registry.npmjs.org/@eslint-community/eslint-utils/-/eslint-utils-4.9.1.tgz
@eslint-community/eslint-utils/node_modules/eslint-visitor-keys,3.4.3,Apache-2.0,https://registry.npmjs.org/eslint-visitor-keys/-/eslint-visitor-keys-3.4.3.tgz
@eslint-community/regexpp,4.12.2,MIT,https://registry.npmjs.org/@eslint-community/regexpp/-/regexpp-4.12.2.tgz
@eslint/config-array,0.21.2,Apache-2.0,https://registry.npmjs.org/@eslint/config-array/-/config-array-0.21.2.tgz
@eslint/config-helpers,0.3.1,Apache-2.0,https://registry.npmjs.org/@eslint/config-helpers/-/config-helpers-0.3.1.tgz
@eslint/core,0.15.2,Apache-2.0,https://registry.npmjs.org/@eslint/core/-/core-0.15.2.tgz
@eslint/eslintrc,3.3.6,MIT,https://registry.npmjs.org/@eslint/eslintrc/-/eslintrc-3.3.6.tgz
@eslint/eslintrc/node_modules/globals,14.0.0,MIT,https://registry.npmjs.org/globals/-/globals-14.0.0.tgz
@eslint/js,9.31.0,MIT,https://registry.npmjs.org/@eslint/js/-/js-9.31.0.tgz
@eslint/object-schema,2.1.7,Apache-2.0,https://registry.npmjs.org/@eslint/object-schema/-/object-schema-2.1.7.tgz
@eslint/plugin-kit,0.3.5,Apache-2.0,https://registry.npmjs.org/@eslint/plugin-kit/-/plugin-kit-0.3.5.tgz
@humanfs/core,0.19.2,Apache-2.0,https://registry.npmjs.org/@humanfs/core/-/core-0.19.2.tgz
@humanfs/node,0.16.8,Apache-2.0,https://registry.npmjs.org/@humanfs/node/-/node-0.16.8.tgz
@humanfs/types,0.15.0,Apache-2.0,https://registry.npmjs.org/@humanfs/types/-/types-0.15.0.tgz
@humanwhocodes/module-importer,1.0.1,Apache-2.0,https://registry.npmjs.org/@humanwhocodes/module-importer/-/module-importer-1.0.1.tgz
@humanwhocodes/retry,0.4.3,Apache-2.0,https://registry.npmjs.org/@humanwhocodes/retry/-/retry-0.4.3.tgz
@jridgewell/gen-mapping,0.3.13,MIT,https://registry.npmjs.org/@jridgewell/gen-mapping/-/gen-mapping-0.3.13.tgz
@jridgewell/remapping,2.3.5,MIT,https://registry.npmjs.org/@jridgewell/remapping/-/remapping-2.3.5.tgz
@jridgewell/resolve-uri,3.1.2,MIT,https://registry.npmjs.org/@jridgewell/resolve-uri/-/resolve-uri-3.1.2.tgz
@jridgewell/sourcemap-codec,1.5.5,MIT,https://registry.npmjs.org/@jridgewell/sourcemap-codec/-/sourcemap-codec-1.5.5.tgz
@jridgewell/trace-mapping,0.3.31,MIT,https://registry.npmjs.org/@jridgewell/trace-mapping/-/trace-mapping-0.3.31.tgz
@kurkle/color,0.3.4,MIT,https://registry.npmjs.org/@kurkle/color/-/color-0.3.4.tgz
@nodelib/fs.scandir,2.1.5,MIT,https://registry.npmjs.org/@nodelib/fs.scandir/-/fs.scandir-2.1.5.tgz
@nodelib/fs.stat,2.0.5,MIT,https://registry.npmjs.org/@nodelib/fs.stat/-/fs.stat-2.0.5.tgz
@nodelib/fs.walk,1.2.8,MIT,https://registry.npmjs.org/@nodelib/fs.walk/-/fs.walk-1.2.8.tgz
@playwright/test,1.54.1,Apache-2.0,https://registry.npmjs.org/@playwright/test/-/test-1.54.1.tgz
@rolldown/pluginutils,1.0.0-beta.19,MIT,https://registry.npmjs.org/@rolldown/pluginutils/-/pluginutils-1.0.0-beta.19.tgz
@rollup/rollup-android-arm-eabi,4.62.2,MIT,https://registry.npmjs.org/@rollup/rollup-android-arm-eabi/-/rollup-android-arm-eabi-4.62.2.tgz
@rollup/rollup-android-arm64,4.62.2,MIT,https://registry.npmjs.org/@rollup/rollup-android-arm64/-/rollup-android-arm64-4.62.2.tgz
@rollup/rollup-darwin-arm64,4.62.2,MIT,https://registry.npmjs.org/@rollup/rollup-darwin-arm64/-/rollup-darwin-arm64-4.62.2.tgz
@rollup/rollup-darwin-x64,4.62.2,MIT,https://registry.npmjs.org/@rollup/rollup-darwin-x64/-/rollup-darwin-x64-4.62.2.tgz
@rollup/rollup-freebsd-arm64,4.62.2,MIT,https://registry.npmjs.org/@rollup/rollup-freebsd-arm64/-/rollup-freebsd-arm64-4.62.2.tgz
@rollup/rollup-freebsd-x64,4.62.2,MIT,https://registry.npmjs.org/@rollup/rollup-freebsd-x64/-/rollup-freebsd-x64-4.62.2.tgz
@rollup/rollup-linux-arm-gnueabihf,4.62.2,MIT,https://registry.npmjs.org/@rollup/rollup-linux-arm-gnueabihf/-/rollup-linux-arm-gnueabihf-4.62.2.tgz
@rollup/rollup-linux-arm-musleabihf,4.62.2,MIT,https://registry.npmjs.org/@rollup/rollup-linux-arm-musleabihf/-/rollup-linux-arm-musleabihf-4.62.2.tgz
@rollup/rollup-linux-arm64-gnu,4.62.2,MIT,https://registry.npmjs.org/@rollup/rollup-linux-arm64-gnu/-/rollup-linux-arm64-gnu-4.62.2.tgz
@rollup/rollup-linux-arm64-musl,4.62.2,MIT,https://registry.npmjs.org/@rollup/rollup-linux-arm64-musl/-/rollup-linux-arm64-musl-4.62.2.tgz
@rollup/rollup-linux-loong64-gnu,4.62.2,MIT,https://registry.npmjs.org/@rollup/rollup-linux-loong64-gnu/-/rollup-linux-loong64-gnu-4.62.2.tgz
@rollup/rollup-linux-loong64-musl,4.62.2,MIT,https://registry.npmjs.org/@rollup/rollup-linux-loong64-musl/-/rollup-linux-loong64-musl-4.62.2.tgz
@rollup/rollup-linux-ppc64-gnu,4.62.2,MIT,https://registry.npmjs.org/@rollup/rollup-linux-ppc64-gnu/-/rollup-linux-ppc64-gnu-4.62.2.tgz
@rollup/rollup-linux-ppc64-musl,4.62.2,MIT,https://registry.npmjs.org/@rollup/rollup-linux-ppc64-musl/-/rollup-linux-ppc64-musl-4.62.2.tgz
@rollup/rollup-linux-riscv64-gnu,4.62.2,MIT,https://registry.npmjs.org/@rollup/rollup-linux-riscv64-gnu/-/rollup-linux-riscv64-gnu-4.62.2.tgz
@rollup/rollup-linux-riscv64-musl,4.62.2,MIT,https://registry.npmjs.org/@rollup/rollup-linux-riscv64-musl/-/rollup-linux-riscv64-musl-4.62.2.tgz
@rollup/rollup-linux-s390x-gnu,4.62.2,MIT,https://registry.npmjs.org/@rollup/rollup-linux-s390x-gnu/-/rollup-linux-s390x-gnu-4.62.2.tgz
@rollup/rollup-linux-x64-gnu,4.62.2,MIT,https://registry.npmjs.org/@rollup/rollup-linux-x64-gnu/-/rollup-linux-x64-gnu-4.62.2.tgz
@rollup/rollup-linux-x64-musl,4.62.2,MIT,https://registry.npmjs.org/@rollup/rollup-linux-x64-musl/-/rollup-linux-x64-musl-4.62.2.tgz
@rollup/rollup-openbsd-x64,4.62.2,MIT,https://registry.npmjs.org/@rollup/rollup-openbsd-x64/-/rollup-openbsd-x64-4.62.2.tgz
@rollup/rollup-openharmony-arm64,4.62.2,MIT,https://registry.npmjs.org/@rollup/rollup-openharmony-arm64/-/rollup-openharmony-arm64-4.62.2.tgz
@rollup/rollup-win32-arm64-msvc,4.62.2,MIT,https://registry.npmjs.org/@rollup/rollup-win32-arm64-msvc/-/rollup-win32-arm64-msvc-4.62.2.tgz
@rollup/rollup-win32-ia32-msvc,4.62.2,MIT,https://registry.npmjs.org/@rollup/rollup-win32-ia32-msvc/-/rollup-win32-ia32-msvc-4.62.2.tgz
@rollup/rollup-win32-x64-gnu,4.62.2,MIT,https://registry.npmjs.org/@rollup/rollup-win32-x64-gnu/-/rollup-win32-x64-gnu-4.62.2.tgz
@rollup/rollup-win32-x64-msvc,4.62.2,MIT,https://registry.npmjs.org/@rollup/rollup-win32-x64-msvc/-/rollup-win32-x64-msvc-4.62.2.tgz
@tanstack/query-core,5.83.0,MIT,https://registry.npmjs.org/@tanstack/query-core/-/query-core-5.83.0.tgz
@tanstack/react-query,5.83.0,MIT,https://registry.npmjs.org/@tanstack/react-query/-/react-query-5.83.0.tgz
@testing-library/dom,10.4.1,MIT,https://registry.npmjs.org/@testing-library/dom/-/dom-10.4.1.tgz
@testing-library/jest-dom,6.6.4,MIT,https://registry.npmjs.org/@testing-library/jest-dom/-/jest-dom-6.6.4.tgz
@testing-library/jest-dom/node_modules/dom-accessibility-api,0.6.3,MIT,https://registry.npmjs.org/dom-accessibility-api/-/dom-accessibility-api-0.6.3.tgz
@testing-library/react,16.3.0,MIT,https://registry.npmjs.org/@testing-library/react/-/react-16.3.0.tgz
@testing-library/user-event,14.6.1,MIT,https://registry.npmjs.org/@testing-library/user-event/-/user-event-14.6.1.tgz
@types/aria-query,5.0.4,MIT,https://registry.npmjs.org/@types/aria-query/-/aria-query-5.0.4.tgz
@types/babel__core,7.20.5,MIT,https://registry.npmjs.org/@types/babel__core/-/babel__core-7.20.5.tgz
@types/babel__generator,7.27.0,MIT,https://registry.npmjs.org/@types/babel__generator/-/babel__generator-7.27.0.tgz
@types/babel__template,7.4.4,MIT,https://registry.npmjs.org/@types/babel__template/-/babel__template-7.4.4.tgz
@types/babel__traverse,7.28.0,MIT,https://registry.npmjs.org/@types/babel__traverse/-/babel__traverse-7.28.0.tgz
@types/chai,5.2.3,MIT,https://registry.npmjs.org/@types/chai/-/chai-5.2.3.tgz
@types/deep-eql,4.0.2,MIT,https://registry.npmjs.org/@types/deep-eql/-/deep-eql-4.0.2.tgz
@types/estree,1.0.9,MIT,https://registry.npmjs.org/@types/estree/-/estree-1.0.9.tgz
@types/json-schema,7.0.15,MIT,https://registry.npmjs.org/@types/json-schema/-/json-schema-7.0.15.tgz
@types/node,24.1.0,MIT,https://registry.npmjs.org/@types/node/-/node-24.1.0.tgz
@types/react,19.1.8,MIT,https://registry.npmjs.org/@types/react/-/react-19.1.8.tgz
@types/react-dom,19.1.6,MIT,https://registry.npmjs.org/@types/react-dom/-/react-dom-19.1.6.tgz
@typescript-eslint/eslint-plugin,8.38.0,MIT,https://registry.npmjs.org/@typescript-eslint/eslint-plugin/-/eslint-plugin-8.38.0.tgz
@typescript-eslint/eslint-plugin/node_modules/ignore,7.0.6,MIT,https://registry.npmjs.org/ignore/-/ignore-7.0.6.tgz
@typescript-eslint/parser,8.38.0,MIT,https://registry.npmjs.org/@typescript-eslint/parser/-/parser-8.38.0.tgz
@typescript-eslint/project-service,8.38.0,MIT,https://registry.npmjs.org/@typescript-eslint/project-service/-/project-service-8.38.0.tgz
@typescript-eslint/scope-manager,8.38.0,MIT,https://registry.npmjs.org/@typescript-eslint/scope-manager/-/scope-manager-8.38.0.tgz
@typescript-eslint/tsconfig-utils,8.38.0,MIT,https://registry.npmjs.org/@typescript-eslint/tsconfig-utils/-/tsconfig-utils-8.38.0.tgz
@typescript-eslint/type-utils,8.38.0,MIT,https://registry.npmjs.org/@typescript-eslint/type-utils/-/type-utils-8.38.0.tgz
@typescript-eslint/types,8.38.0,MIT,https://registry.npmjs.org/@typescript-eslint/types/-/types-8.38.0.tgz
@typescript-eslint/typescript-estree,8.38.0,MIT,https://registry.npmjs.org/@typescript-eslint/typescript-estree/-/typescript-estree-8.38.0.tgz
@typescript-eslint/typescript-estree/node_modules/brace-expansion,2.1.2,MIT,https://registry.npmjs.org/brace-expansion/-/brace-expansion-2.1.2.tgz
@typescript-eslint/typescript-estree/node_modules/minimatch,9.0.9,ISC,https://registry.npmjs.org/minimatch/-/minimatch-9.0.9.tgz
@typescript-eslint/typescript-estree/node_modules/semver,7.8.5,ISC,https://registry.npmjs.org/semver/-/semver-7.8.5.tgz
@typescript-eslint/utils,8.38.0,MIT,https://registry.npmjs.org/@typescript-eslint/utils/-/utils-8.38.0.tgz
@typescript-eslint/visitor-keys,8.38.0,MIT,https://registry.npmjs.org/@typescript-eslint/visitor-keys/-/visitor-keys-8.38.0.tgz
@vitejs/plugin-react,4.6.0,MIT,https://registry.npmjs.org/@vitejs/plugin-react/-/plugin-react-4.6.0.tgz
@vitest/expect,3.2.4,MIT,https://registry.npmjs.org/@vitest/expect/-/expect-3.2.4.tgz
@vitest/mocker,3.2.4,MIT,https://registry.npmjs.org/@vitest/mocker/-/mocker-3.2.4.tgz
@vitest/pretty-format,3.2.7,MIT,https://registry.npmjs.org/@vitest/pretty-format/-/pretty-format-3.2.7.tgz
@vitest/runner,3.2.4,MIT,https://registry.npmjs.org/@vitest/runner/-/runner-3.2.4.tgz
@vitest/snapshot,3.2.4,MIT,https://registry.npmjs.org/@vitest/snapshot/-/snapshot-3.2.4.tgz
@vitest/snapshot/node_modules/@vitest/pretty-format,3.2.4,MIT,https://registry.npmjs.org/@vitest/pretty-format/-/pretty-format-3.2.4.tgz
@vitest/spy,3.2.4,MIT,https://registry.npmjs.org/@vitest/spy/-/spy-3.2.4.tgz
@vitest/utils,3.2.4,MIT,https://registry.npmjs.org/@vitest/utils/-/utils-3.2.4.tgz
@vitest/utils/node_modules/@vitest/pretty-format,3.2.4,MIT,https://registry.npmjs.org/@vitest/pretty-format/-/pretty-format-3.2.4.tgz
acorn,8.17.0,MIT,https://registry.npmjs.org/acorn/-/acorn-8.17.0.tgz
acorn-jsx,5.3.2,MIT,https://registry.npmjs.org/acorn-jsx/-/acorn-jsx-5.3.2.tgz
agent-base,7.1.4,MIT,https://registry.npmjs.org/agent-base/-/agent-base-7.1.4.tgz
ajv,6.15.0,MIT,https://registry.npmjs.org/ajv/-/ajv-6.15.0.tgz
ansi-regex,5.0.1,MIT,https://registry.npmjs.org/ansi-regex/-/ansi-regex-5.0.1.tgz
ansi-styles,4.3.0,MIT,https://registry.npmjs.org/ansi-styles/-/ansi-styles-4.3.0.tgz
argparse,2.0.1,Python-2.0,https://registry.npmjs.org/argparse/-/argparse-2.0.1.tgz
aria-query,5.3.0,Apache-2.0,https://registry.npmjs.org/aria-query/-/aria-query-5.3.0.tgz
assertion-error,2.0.1,MIT,https://registry.npmjs.org/assertion-error/-/assertion-error-2.0.1.tgz
balanced-match,1.0.2,MIT,https://registry.npmjs.org/balanced-match/-/balanced-match-1.0.2.tgz
baseline-browser-mapping,2.10.43,Apache-2.0,https://registry.npmjs.org/baseline-browser-mapping/-/baseline-browser-mapping-2.10.43.tgz
brace-expansion,1.1.16,MIT,https://registry.npmjs.org/brace-expansion/-/brace-expansion-1.1.16.tgz
braces,3.0.3,MIT,https://registry.npmjs.org/braces/-/braces-3.0.3.tgz
browserslist,4.28.6,MIT,https://registry.npmjs.org/browserslist/-/browserslist-4.28.6.tgz
cac,6.7.14,MIT,https://registry.npmjs.org/cac/-/cac-6.7.14.tgz
callsites,3.1.0,MIT,https://registry.npmjs.org/callsites/-/callsites-3.1.0.tgz
caniuse-lite,1.0.30001806,CC-BY-4.0,https://registry.npmjs.org/caniuse-lite/-/caniuse-lite-1.0.30001806.tgz
chai,5.3.3,MIT,https://registry.npmjs.org/chai/-/chai-5.3.3.tgz
chalk,4.1.2,MIT,https://registry.npmjs.org/chalk/-/chalk-4.1.2.tgz
chart.js,4.5.0,MIT,https://registry.npmjs.org/chart.js/-/chart.js-4.5.0.tgz
check-error,2.1.3,MIT,https://registry.npmjs.org/check-error/-/check-error-2.1.3.tgz
color-convert,2.0.1,MIT,https://registry.npmjs.org/color-convert/-/color-convert-2.0.1.tgz
color-name,1.1.4,MIT,https://registry.npmjs.org/color-name/-/color-name-1.1.4.tgz
concat-map,0.0.1,MIT,https://registry.npmjs.org/concat-map/-/concat-map-0.0.1.tgz
convert-source-map,2.0.0,MIT,https://registry.npmjs.org/convert-source-map/-/convert-source-map-2.0.0.tgz
cookie,1.1.1,MIT,https://registry.npmjs.org/cookie/-/cookie-1.1.1.tgz
cross-spawn,7.0.6,MIT,https://registry.npmjs.org/cross-spawn/-/cross-spawn-7.0.6.tgz
css.escape,1.5.1,MIT,https://registry.npmjs.org/css.escape/-/css.escape-1.5.1.tgz
cssstyle,4.6.0,MIT,https://registry.npmjs.org/cssstyle/-/cssstyle-4.6.0.tgz
csstype,3.2.3,MIT,https://registry.npmjs.org/csstype/-/csstype-3.2.3.tgz
data-urls,5.0.0,MIT,https://registry.npmjs.org/data-urls/-/data-urls-5.0.0.tgz
debug,4.4.3,MIT,https://registry.npmjs.org/debug/-/debug-4.4.3.tgz
decimal.js,10.6.0,MIT,https://registry.npmjs.org/decimal.js/-/decimal.js-10.6.0.tgz
deep-eql,5.0.2,MIT,https://registry.npmjs.org/deep-eql/-/deep-eql-5.0.2.tgz
deep-is,0.1.4,MIT,https://registry.npmjs.org/deep-is/-/deep-is-0.1.4.tgz
dequal,2.0.3,MIT,https://registry.npmjs.org/dequal/-/dequal-2.0.3.tgz
dom-accessibility-api,0.5.16,MIT,https://registry.npmjs.org/dom-accessibility-api/-/dom-accessibility-api-0.5.16.tgz
electron-to-chromium,1.5.393,ISC,https://registry.npmjs.org/electron-to-chromium/-/electron-to-chromium-1.5.393.tgz
entities,6.0.1,BSD-2-Clause,https://registry.npmjs.org/entities/-/entities-6.0.1.tgz
es-module-lexer,1.7.0,MIT,https://registry.npmjs.org/es-module-lexer/-/es-module-lexer-1.7.0.tgz
esbuild,0.25.12,MIT,https://registry.npmjs.org/esbuild/-/esbuild-0.25.12.tgz
escalade,3.2.0,MIT,https://registry.npmjs.org/escalade/-/escalade-3.2.0.tgz
escape-string-regexp,4.0.0,MIT,https://registry.npmjs.org/escape-string-regexp/-/escape-string-regexp-4.0.0.tgz
eslint,9.31.0,MIT,https://registry.npmjs.org/eslint/-/eslint-9.31.0.tgz
eslint-plugin-react-hooks,5.2.0,MIT,https://registry.npmjs.org/eslint-plugin-react-hooks/-/eslint-plugin-react-hooks-5.2.0.tgz
eslint-plugin-react-refresh,0.4.20,MIT,https://registry.npmjs.org/eslint-plugin-react-refresh/-/eslint-plugin-react-refresh-0.4.20.tgz
eslint-scope,8.4.0,BSD-2-Clause,https://registry.npmjs.org/eslint-scope/-/eslint-scope-8.4.0.tgz
eslint-visitor-keys,4.2.1,Apache-2.0,https://registry.npmjs.org/eslint-visitor-keys/-/eslint-visitor-keys-4.2.1.tgz
espree,10.4.0,BSD-2-Clause,https://registry.npmjs.org/espree/-/espree-10.4.0.tgz
esquery,1.7.0,BSD-3-Clause,https://registry.npmjs.org/esquery/-/esquery-1.7.0.tgz
esrecurse,4.3.0,BSD-2-Clause,https://registry.npmjs.org/esrecurse/-/esrecurse-4.3.0.tgz
estraverse,5.3.0,BSD-2-Clause,https://registry.npmjs.org/estraverse/-/estraverse-5.3.0.tgz
estree-walker,3.0.3,MIT,https://registry.npmjs.org/estree-walker/-/estree-walker-3.0.3.tgz
esutils,2.0.3,BSD-2-Clause,https://registry.npmjs.org/esutils/-/esutils-2.0.3.tgz
expect-type,1.4.0,Apache-2.0,https://registry.npmjs.org/expect-type/-/expect-type-1.4.0.tgz
fast-deep-equal,3.1.3,MIT,https://registry.npmjs.org/fast-deep-equal/-/fast-deep-equal-3.1.3.tgz
fast-glob,3.3.3,MIT,https://registry.npmjs.org/fast-glob/-/fast-glob-3.3.3.tgz
fast-glob/node_modules/glob-parent,5.1.2,ISC,https://registry.npmjs.org/glob-parent/-/glob-parent-5.1.2.tgz
fast-json-stable-stringify,2.1.0,MIT,https://registry.npmjs.org/fast-json-stable-stringify/-/fast-json-stable-stringify-2.1.0.tgz
fast-levenshtein,2.0.6,MIT,https://registry.npmjs.org/fast-levenshtein/-/fast-levenshtein-2.0.6.tgz
fastq,1.20.1,ISC,https://registry.npmjs.org/fastq/-/fastq-1.20.1.tgz
file-entry-cache,8.0.0,MIT,https://registry.npmjs.org/file-entry-cache/-/file-entry-cache-8.0.0.tgz
fill-range,7.1.1,MIT,https://registry.npmjs.org/fill-range/-/fill-range-7.1.1.tgz
find-up,5.0.0,MIT,https://registry.npmjs.org/find-up/-/find-up-5.0.0.tgz
flat-cache,4.0.1,MIT,https://registry.npmjs.org/flat-cache/-/flat-cache-4.0.1.tgz
flatted,3.4.2,ISC,https://registry.npmjs.org/flatted/-/flatted-3.4.2.tgz
fsevents,2.3.2,MIT,https://registry.npmjs.org/fsevents/-/fsevents-2.3.2.tgz
gensync,1.0.0-beta.2,MIT,https://registry.npmjs.org/gensync/-/gensync-1.0.0-beta.2.tgz
glob-parent,6.0.2,ISC,https://registry.npmjs.org/glob-parent/-/glob-parent-6.0.2.tgz
globals,16.3.0,MIT,https://registry.npmjs.org/globals/-/globals-16.3.0.tgz
graphemer,1.4.0,MIT,https://registry.npmjs.org/graphemer/-/graphemer-1.4.0.tgz
has-flag,4.0.0,MIT,https://registry.npmjs.org/has-flag/-/has-flag-4.0.0.tgz
html-encoding-sniffer,4.0.0,MIT,https://registry.npmjs.org/html-encoding-sniffer/-/html-encoding-sniffer-4.0.0.tgz
http-proxy-agent,7.0.2,MIT,https://registry.npmjs.org/http-proxy-agent/-/http-proxy-agent-7.0.2.tgz
https-proxy-agent,7.0.6,MIT,https://registry.npmjs.org/https-proxy-agent/-/https-proxy-agent-7.0.6.tgz
iconv-lite,0.6.3,MIT,https://registry.npmjs.org/iconv-lite/-/iconv-lite-0.6.3.tgz
ignore,5.3.2,MIT,https://registry.npmjs.org/ignore/-/ignore-5.3.2.tgz
import-fresh,3.3.1,MIT,https://registry.npmjs.org/import-fresh/-/import-fresh-3.3.1.tgz
imurmurhash,0.1.4,MIT,https://registry.npmjs.org/imurmurhash/-/imurmurhash-0.1.4.tgz
indent-string,4.0.0,MIT,https://registry.npmjs.org/indent-string/-/indent-string-4.0.0.tgz
is-extglob,2.1.1,MIT,https://registry.npmjs.org/is-extglob/-/is-extglob-2.1.1.tgz
is-glob,4.0.3,MIT,https://registry.npmjs.org/is-glob/-/is-glob-4.0.3.tgz
is-number,7.0.0,MIT,https://registry.npmjs.org/is-number/-/is-number-7.0.0.tgz
is-potential-custom-element-name,1.0.1,MIT,https://registry.npmjs.org/is-potential-custom-element-name/-/is-potential-custom-element-name-1.0.1.tgz
isexe,2.0.0,ISC,https://registry.npmjs.org/isexe/-/isexe-2.0.0.tgz
js-tokens,4.0.0,MIT,https://registry.npmjs.org/js-tokens/-/js-tokens-4.0.0.tgz
js-yaml,4.3.0,MIT,https://registry.npmjs.org/js-yaml/-/js-yaml-4.3.0.tgz
jsdom,26.1.0,MIT,https://registry.npmjs.org/jsdom/-/jsdom-26.1.0.tgz
jsesc,3.1.0,MIT,https://registry.npmjs.org/jsesc/-/jsesc-3.1.0.tgz
json-buffer,3.0.1,MIT,https://registry.npmjs.org/json-buffer/-/json-buffer-3.0.1.tgz
json-schema-traverse,0.4.1,MIT,https://registry.npmjs.org/json-schema-traverse/-/json-schema-traverse-0.4.1.tgz
json-stable-stringify-without-jsonify,1.0.1,MIT,https://registry.npmjs.org/json-stable-stringify-without-jsonify/-/json-stable-stringify-without-jsonify-1.0.1.tgz
json5,2.2.3,MIT,https://registry.npmjs.org/json5/-/json5-2.2.3.tgz
keyv,4.5.4,MIT,https://registry.npmjs.org/keyv/-/keyv-4.5.4.tgz
levn,0.4.1,MIT,https://registry.npmjs.org/levn/-/levn-0.4.1.tgz
locate-path,6.0.0,MIT,https://registry.npmjs.org/locate-path/-/locate-path-6.0.0.tgz
lodash,4.18.1,MIT,https://registry.npmjs.org/lodash/-/lodash-4.18.1.tgz
lodash.merge,4.6.2,MIT,https://registry.npmjs.org/lodash.merge/-/lodash.merge-4.6.2.tgz
loupe,3.2.1,MIT,https://registry.npmjs.org/loupe/-/loupe-3.2.1.tgz
lru-cache,5.1.1,ISC,https://registry.npmjs.org/lru-cache/-/lru-cache-5.1.1.tgz
lucide-react,0.525.0,ISC,https://registry.npmjs.org/lucide-react/-/lucide-react-0.525.0.tgz
lz-string,1.5.0,MIT,https://registry.npmjs.org/lz-string/-/lz-string-1.5.0.tgz
magic-string,0.30.21,MIT,https://registry.npmjs.org/magic-string/-/magic-string-0.30.21.tgz
merge2,1.4.1,MIT,https://registry.npmjs.org/merge2/-/merge2-1.4.1.tgz
micromatch,4.0.8,MIT,https://registry.npmjs.org/micromatch/-/micromatch-4.0.8.tgz
min-indent,1.0.1,MIT,https://registry.npmjs.org/min-indent/-/min-indent-1.0.1.tgz
minimatch,3.1.5,ISC,https://registry.npmjs.org/minimatch/-/minimatch-3.1.5.tgz
ms,2.1.3,MIT,https://registry.npmjs.org/ms/-/ms-2.1.3.tgz
nanoid,3.3.16,MIT,https://registry.npmjs.org/nanoid/-/nanoid-3.3.16.tgz
natural-compare,1.4.0,MIT,https://registry.npmjs.org/natural-compare/-/natural-compare-1.4.0.tgz
node-releases,2.0.51,MIT,https://registry.npmjs.org/node-releases/-/node-releases-2.0.51.tgz
nwsapi,2.2.24,MIT,https://registry.npmjs.org/nwsapi/-/nwsapi-2.2.24.tgz
optionator,0.9.4,MIT,https://registry.npmjs.org/optionator/-/optionator-0.9.4.tgz
p-limit,3.1.0,MIT,https://registry.npmjs.org/p-limit/-/p-limit-3.1.0.tgz
p-locate,5.0.0,MIT,https://registry.npmjs.org/p-locate/-/p-locate-5.0.0.tgz
parent-module,1.0.1,MIT,https://registry.npmjs.org/parent-module/-/parent-module-1.0.1.tgz
parse5,7.3.0,MIT,https://registry.npmjs.org/parse5/-/parse5-7.3.0.tgz
path-exists,4.0.0,MIT,https://registry.npmjs.org/path-exists/-/path-exists-4.0.0.tgz
path-key,3.1.1,MIT,https://registry.npmjs.org/path-key/-/path-key-3.1.1.tgz
pathe,2.0.3,MIT,https://registry.npmjs.org/pathe/-/pathe-2.0.3.tgz
pathval,2.0.1,MIT,https://registry.npmjs.org/pathval/-/pathval-2.0.1.tgz
picocolors,1.1.1,ISC,https://registry.npmjs.org/picocolors/-/picocolors-1.1.1.tgz
picomatch,2.3.2,MIT,https://registry.npmjs.org/picomatch/-/picomatch-2.3.2.tgz
playwright,1.54.1,Apache-2.0,https://registry.npmjs.org/playwright/-/playwright-1.54.1.tgz
playwright-core,1.54.1,Apache-2.0,https://registry.npmjs.org/playwright-core/-/playwright-core-1.54.1.tgz
postcss,8.5.20,MIT,https://registry.npmjs.org/postcss/-/postcss-8.5.20.tgz
prelude-ls,1.2.1,MIT,https://registry.npmjs.org/prelude-ls/-/prelude-ls-1.2.1.tgz
pretty-format,27.5.1,MIT,https://registry.npmjs.org/pretty-format/-/pretty-format-27.5.1.tgz
pretty-format/node_modules/ansi-styles,5.2.0,MIT,https://registry.npmjs.org/ansi-styles/-/ansi-styles-5.2.0.tgz
punycode,2.3.1,MIT,https://registry.npmjs.org/punycode/-/punycode-2.3.1.tgz
queue-microtask,1.2.3,MIT,https://registry.npmjs.org/queue-microtask/-/queue-microtask-1.2.3.tgz
react,19.1.0,MIT,https://registry.npmjs.org/react/-/react-19.1.0.tgz
react-chartjs-2,5.3.0,MIT,https://registry.npmjs.org/react-chartjs-2/-/react-chartjs-2-5.3.0.tgz
react-dom,19.1.0,MIT,https://registry.npmjs.org/react-dom/-/react-dom-19.1.0.tgz
react-is,17.0.2,MIT,https://registry.npmjs.org/react-is/-/react-is-17.0.2.tgz
react-refresh,0.17.0,MIT,https://registry.npmjs.org/react-refresh/-/react-refresh-0.17.0.tgz
react-router,7.7.1,MIT,https://registry.npmjs.org/react-router/-/react-router-7.7.1.tgz
react-router-dom,7.7.1,MIT,https://registry.npmjs.org/react-router-dom/-/react-router-dom-7.7.1.tgz
redent,3.0.0,MIT,https://registry.npmjs.org/redent/-/redent-3.0.0.tgz
resolve-from,4.0.0,MIT,https://registry.npmjs.org/resolve-from/-/resolve-from-4.0.0.tgz
reusify,1.1.0,MIT,https://registry.npmjs.org/reusify/-/reusify-1.1.0.tgz
rollup,4.62.2,MIT,https://registry.npmjs.org/rollup/-/rollup-4.62.2.tgz
rrweb-cssom,0.8.0,MIT,https://registry.npmjs.org/rrweb-cssom/-/rrweb-cssom-0.8.0.tgz
run-parallel,1.2.0,MIT,https://registry.npmjs.org/run-parallel/-/run-parallel-1.2.0.tgz
safer-buffer,2.1.2,MIT,https://registry.npmjs.org/safer-buffer/-/safer-buffer-2.1.2.tgz
saxes,6.0.0,ISC,https://registry.npmjs.org/saxes/-/saxes-6.0.0.tgz
scheduler,0.26.0,MIT,https://registry.npmjs.org/scheduler/-/scheduler-0.26.0.tgz
semver,6.3.1,ISC,https://registry.npmjs.org/semver/-/semver-6.3.1.tgz
set-cookie-parser,2.7.2,MIT,https://registry.npmjs.org/set-cookie-parser/-/set-cookie-parser-2.7.2.tgz
shebang-command,2.0.0,MIT,https://registry.npmjs.org/shebang-command/-/shebang-command-2.0.0.tgz
shebang-regex,3.0.0,MIT,https://registry.npmjs.org/shebang-regex/-/shebang-regex-3.0.0.tgz
siginfo,2.0.0,ISC,https://registry.npmjs.org/siginfo/-/siginfo-2.0.0.tgz
source-map-js,1.2.1,BSD-3-Clause,https://registry.npmjs.org/source-map-js/-/source-map-js-1.2.1.tgz
stackback,0.0.2,MIT,https://registry.npmjs.org/stackback/-/stackback-0.0.2.tgz
std-env,3.10.0,MIT,https://registry.npmjs.org/std-env/-/std-env-3.10.0.tgz
strip-indent,3.0.0,MIT,https://registry.npmjs.org/strip-indent/-/strip-indent-3.0.0.tgz
strip-json-comments,3.1.1,MIT,https://registry.npmjs.org/strip-json-comments/-/strip-json-comments-3.1.1.tgz
strip-literal,3.1.0,MIT,https://registry.npmjs.org/strip-literal/-/strip-literal-3.1.0.tgz
strip-literal/node_modules/js-tokens,9.0.1,MIT,https://registry.npmjs.org/js-tokens/-/js-tokens-9.0.1.tgz
supports-color,7.2.0,MIT,https://registry.npmjs.org/supports-color/-/supports-color-7.2.0.tgz
symbol-tree,3.2.4,MIT,https://registry.npmjs.org/symbol-tree/-/symbol-tree-3.2.4.tgz
tinybench,2.9.0,MIT,https://registry.npmjs.org/tinybench/-/tinybench-2.9.0.tgz
tinyexec,0.3.2,MIT,https://registry.npmjs.org/tinyexec/-/tinyexec-0.3.2.tgz
tinyglobby,0.2.17,MIT,https://registry.npmjs.org/tinyglobby/-/tinyglobby-0.2.17.tgz
tinyglobby/node_modules/fdir,6.5.0,MIT,https://registry.npmjs.org/fdir/-/fdir-6.5.0.tgz
tinyglobby/node_modules/picomatch,4.0.5,MIT,https://registry.npmjs.org/picomatch/-/picomatch-4.0.5.tgz
tinypool,1.1.1,MIT,https://registry.npmjs.org/tinypool/-/tinypool-1.1.1.tgz
tinyrainbow,2.0.0,MIT,https://registry.npmjs.org/tinyrainbow/-/tinyrainbow-2.0.0.tgz
tinyspy,4.0.4,MIT,https://registry.npmjs.org/tinyspy/-/tinyspy-4.0.4.tgz
tldts,6.1.86,MIT,https://registry.npmjs.org/tldts/-/tldts-6.1.86.tgz
tldts-core,6.1.86,MIT,https://registry.npmjs.org/tldts-core/-/tldts-core-6.1.86.tgz
to-regex-range,5.0.1,MIT,https://registry.npmjs.org/to-regex-range/-/to-regex-range-5.0.1.tgz
tough-cookie,5.1.2,BSD-3-Clause,https://registry.npmjs.org/tough-cookie/-/tough-cookie-5.1.2.tgz
tr46,5.1.1,MIT,https://registry.npmjs.org/tr46/-/tr46-5.1.1.tgz
ts-api-utils,2.5.0,MIT,https://registry.npmjs.org/ts-api-utils/-/ts-api-utils-2.5.0.tgz
type-check,0.4.0,MIT,https://registry.npmjs.org/type-check/-/type-check-0.4.0.tgz
typescript,5.8.3,Apache-2.0,https://registry.npmjs.org/typescript/-/typescript-5.8.3.tgz
typescript-eslint,8.38.0,MIT,https://registry.npmjs.org/typescript-eslint/-/typescript-eslint-8.38.0.tgz
undici-types,7.8.0,MIT,https://registry.npmjs.org/undici-types/-/undici-types-7.8.0.tgz
update-browserslist-db,1.2.3,MIT,https://registry.npmjs.org/update-browserslist-db/-/update-browserslist-db-1.2.3.tgz
uri-js,4.4.1,BSD-2-Clause,https://registry.npmjs.org/uri-js/-/uri-js-4.4.1.tgz
vite,7.0.6,MIT,https://registry.npmjs.org/vite/-/vite-7.0.6.tgz
vite-node,3.2.4,MIT,https://registry.npmjs.org/vite-node/-/vite-node-3.2.4.tgz
vite/node_modules/fdir,6.5.0,MIT,https://registry.npmjs.org/fdir/-/fdir-6.5.0.tgz
vite/node_modules/fsevents,2.3.3,MIT,https://registry.npmjs.org/fsevents/-/fsevents-2.3.3.tgz
vite/node_modules/picomatch,4.0.5,MIT,https://registry.npmjs.org/picomatch/-/picomatch-4.0.5.tgz
vitest,3.2.4,MIT,https://registry.npmjs.org/vitest/-/vitest-3.2.4.tgz
vitest/node_modules/picomatch,4.0.5,MIT,https://registry.npmjs.org/picomatch/-/picomatch-4.0.5.tgz
w3c-xmlserializer,5.0.0,MIT,https://registry.npmjs.org/w3c-xmlserializer/-/w3c-xmlserializer-5.0.0.tgz
webidl-conversions,7.0.0,BSD-2-Clause,https://registry.npmjs.org/webidl-conversions/-/webidl-conversions-7.0.0.tgz
whatwg-encoding,3.1.1,MIT,https://registry.npmjs.org/whatwg-encoding/-/whatwg-encoding-3.1.1.tgz
whatwg-mimetype,4.0.0,MIT,https://registry.npmjs.org/whatwg-mimetype/-/whatwg-mimetype-4.0.0.tgz
whatwg-url,14.2.0,MIT,https://registry.npmjs.org/whatwg-url/-/whatwg-url-14.2.0.tgz
which,2.0.2,ISC,https://registry.npmjs.org/which/-/which-2.0.2.tgz
why-is-node-running,2.3.0,MIT,https://registry.npmjs.org/why-is-node-running/-/why-is-node-running-2.3.0.tgz
word-wrap,1.2.5,MIT,https://registry.npmjs.org/word-wrap/-/word-wrap-1.2.5.tgz
ws,8.21.1,MIT,https://registry.npmjs.org/ws/-/ws-8.21.1.tgz
xml-name-validator,5.0.0,Apache-2.0,https://registry.npmjs.org/xml-name-validator/-/xml-name-validator-5.0.0.tgz
xmlchars,2.2.0,MIT,https://registry.npmjs.org/xmlchars/-/xmlchars-2.2.0.tgz
yallist,3.1.1,ISC,https://registry.npmjs.org/yallist/-/yallist-3.1.1.tgz
yocto-queue,0.1.0,MIT,https://registry.npmjs.org/yocto-queue/-/yocto-queue-0.1.0.tgz
